,Pseudomonas,Haemophilus,Streptococcus,Veillonella,Neisseria,Granulicatella,Prevotella,Candida,Saccharomyces,Curvularia,RV,Flu_B,MPV
14,0.012136813885858154,0.003398307888040284,0.108075437935975,0.04651289435875544,0.014841589551849398,0.004669783628463518,0.0316250693254361,0.31313284039103906,0.008095610771593433,0.004499698148581622,0.4530119541144079,0.0,0.0
127,0.20485802272064568,0.006196752623102367,0.0816134003390729,0.044615477679592466,0.022441830632285092,0.009979852981405196,0.005517734610073655,0.18728582337160532,0.0008944021010068486,0.00011365330565280395,0.4364830496355576,0.0,0.0
128,0.0022998999675596095,0.002387682409069518,0.4811180054275079,0.2363805584978823,0.0006495900671733248,0.00010533892981189051,0.026036272151838936,0.24011066037677697,0.004870588780804526,0.006041403391574845,0.0,0.0,0.0
169,0.31023324551179526,0.0013549956665908755,0.007315761356840423,0.016199185861575222,4.253349626070013e-05,0.00036457282509171546,0.0005833165201467446,0.22092961872490627,0.022561010814802378,0.07791174247582684,0.0,0.34250401674616354,0.0
205,0.2075443018577652,7.844547046459808e-05,0.0551975949676254,0.0317480025466009,3.922273523229904e-05,0.0003698143607616766,0.001137459321736672,0.2965779912614972,0.015313992805775454,0.035195158760096885,0.05186315853789365,0.2937114980069546,0.011223359367595396
323,0.2524999750686384,0.00012413961409470916,0.07479411749206226,0.00061035310263232,4.137987136490305e-05,0.0007862175559331579,0.00012413961409470916,0.23099717074533077,0.02301168461616977,0.0740881169585634,0.0,0.05021235720010248,0.292710348161013
334,0.29283241916342745,0.002320500210452675,0.015009714389442121,0.023825981034084502,8.987852927809654e-05,0.00031048946477887896,0.001250128634504434,0.26451405748780904,0.04613617281764111,0.01230297941803763,0.06302961797860422,0.27837806087193995,0.0
394,0.00018850835250205957,0.1870330697433478,0.0758705138744159,0.03140713072990836,0.0030407216860114826,0.004958589272336785,0.01381028582460741,0.22155024810098922,0.022569482581134306,0.08711820276317842,0.0,0.21878305313329888,0.13367019393826934
425,0.00021376794480912383,0.33749683126464464,0.004037838957505671,0.004156598926844074,0.0008028173927275982,0.00013776156443254644,0.0004655390798065363,0.29285632980069237,0.0073508603676825275,0.020621353985101447,0.0,0.2741327649601922,0.05772753575556141
