,Pseudomonas,Haemophilus,Streptococcus,Veillonella,Neisseria,Rothia,Granulicatella,Candida,Saccharomyces,Curvularia,PIV3,RV,Flu_B,MPV
14,0.0004889283695356214,0.0010783214725374661,0.16324849423371554,0.012899671777063106,0.19038736756739139,6.697648897748237e-05,0.019530344185833857,0.5820292558163176,0.007143033441359566,0.023127606647268432,0.0,0.0,0.0,0.0
127,0.1894255556370343,0.0042072863664276055,0.07295134038930724,0.028481826098441163,0.04521330241635951,0.016415929840436282,0.014552703021018342,0.20588715002769167,0.008588110401707582,2.4374958566814324e-05,0.32332675247338816,0.09092566836962135,0.0,0.0
128,0.00017820245604070056,0.3476567915121304,0.12877557482432078,0.011566959419369109,0.00029160401897569184,0.005832080379513836,0.0018306252302362875,0.49957906694385124,0.0040880438773324744,0.00020105133822946594,0.0,0.0,0.0,0.0
169,0.20825239773232088,0.00010494829383453094,0.037690430592441204,0.06328382118222216,0.006646725276186958,0.001469276113683433,0.005212431927115037,0.33385659077744345,0.0026281720004003124,0.0014174410788675843,0.0,0.33943776502548456,0.0,0.0
205,0.15317533661597454,0.04689040916815548,0.043764381890278446,0.021882190945139223,0.0031260272778770317,0.009378081833631095,0.0031260272778770317,0.2755229421761297,0.08352119918079219,0.00012026667828663556,0.1169049187951875,0.08928687057842673,0.1533013475822444,0.0
323,0.001214821051403129,0.00066370711101049,0.07238555679458156,0.006909665102127064,0.0004740765078646356,0.006933368927520296,0.008272635062237892,0.30147833912047595,0.028653517485180306,0.10548006078149491,0.2523635657449117,0.0,0.0,0.21517068631119196
334,0.2384230576744193,0.000315007174910219,0.04017676256270166,0.04605511679280591,0.00017085134910384758,0.0017031743863789805,0.0008115439082432761,0.2807283867020613,0.03368740640424736,0.012632777401592759,0.0,0.0004940668469006811,0.0,0.3448018487966348
394,0.294296335022583,0.00015135397337757127,0.006820101770074196,0.024684457112669346,2.7518904250467503e-05,0.0010961696859769553,0.00035774575525607754,0.305813158327311,0.030770673825503428,0.0005522941455859589,0.0,0.06730736868299059,0.0,0.26812282279442157
425,0.00015584122054885475,0.32307616588894794,0.007056144152628702,0.0044761061679865505,0.0008917580953628911,0.0002251039852372346,0.0003636295146139944,0.2677893986192155,0.021413613531616697,0.03419501314514293,0.0,0.0,0.2908094324079764,0.04954779327072238
