,Pseudomonas,Haemophilus,Streptococcus,Veillonella,Neisseria,Granulicatella,Prevotella,Candida,Saccharomyces,Curvularia,RV,Flu_B,MPV
28,0.0001477790849637027,0.0003217186859096804,0.018693080186143095,0.00855588024301151,0.004949625284518743,0.0020249352583726946,0.004248300813504561,0.41930546969930943,0.061127432478951055,1.785889694955915e-05,4.235219498907959e-05,0.02757920868306953,0.45298635849030755
125,0.0003350493505033966,0.020507812328728732,0.05595324153406722,0.06164908049262498,0.09828812300913183,0.05119972887380029,0.006156531815499911,0.11193864808639363,0.2018309296500541,0.02417988586364284,0.10124847630141233,0.26671249269414077,0.0
217,0.0034833393187693137,0.003267174644732211,0.30573096269099037,0.004897673900326358,0.006373769817322574,0.047000376269210074,0.005422645251559321,0.26561306736419,0.033695810844417744,0.10135433004489218,0.0,0.22316084985358983,0.0
252,0.00016885091934614848,0.29137447855800896,0.10706036975595006,0.008646944448621184,0.009882222226995639,0.011268577143732436,0.0014396762596882136,0.27502337712911956,0.0722463804707404,0.0972547429413813,0.12563438014641615,0.0,0.0
276,0.00019714735531763098,0.23688844639440124,0.049922798040109795,0.037661504457774546,0.001882439263678025,0.001144726579263664,0.003962025882673681,0.3103437867118112,0.011905771868739558,0.0031748724983305487,0.0,0.061999140228547404,0.280917340719353
515,0.00025234976474720585,0.0007220007158045056,0.03328213008388148,5.607772549937908e-05,2.803886274968954e-05,0.00015421374512329246,2.1029147062267154e-05,0.024937809216919116,0.415978198339865,0.0027438874795636414,0.0,0.0,0.5218242649187845
540,0.00026792452701026296,0.029883292172043243,0.09209226097249865,0.04898747583712287,0.013695214590799965,0.06180125756370066,0.013970905046129363,0.0031820133092539398,0.36525339658026373,6.259698313286439e-05,0.37080366241804436,0.0,0.0
1111,0.0027123983351635583,0.015140114343549317,0.14105645541263998,0.019951979442034282,0.015492373867596537,0.025350943747264605,0.0014959287787871746,0.2577720037207247,0.026947973764069495,0.0946879802234377,0.0,0.0,0.39939184836473285
