,Pseudomonas,Haemophilus,Streptococcus,Veillonella,Neisseria,Granulicatella,Prevotella,Candida,Saccharomyces,Curvularia,Cryptococcus,MPV
28,0.0003061703957655325,0.0003061703957655325,0.08601687174368321,0.1531022073491977,0.13680713850789877,0.026636824431601328,0.00013607573145134777,0.5966544838794856,0.0,3.405756515094958e-05,0.0,0.0
125,0.004879020468542811,0.022389371252872634,0.1288204670201719,0.06173194576511916,0.21133401546614794,0.013888891872116157,0.04453200574469335,0.03701627775287379,0.47355475227984783,0.00019507919764360363,0.0016581731799706308,0.0
217,0.0005425689734690451,0.22829000595811186,0.20329072946842447,0.014205442214462271,0.003723996136082991,0.008228962764280517,0.019203653363995293,0.4311052532162114,0.07481605702288525,0.016505690049953205,8.764083212364536e-05,0.0
252,0.020883147635992333,0.20858467552422527,0.07174785063938548,0.014741603763043678,0.004356983984054764,0.0037637127443958915,0.00026103934544990416,0.33615442224507935,0.00042242438240696657,2.7253185961739776e-05,0.0,0.3390568865500046
276,0.0002863270625702896,0.28275844966849895,0.04427594089501552,0.0033591052950319345,8.380304270349941e-05,0.00014665532473112397,0.0021509447627231517,0.25557060862124115,0.004146911874253967,0.045973049519875096,0.02515610117097108,0.3360921027623843
515,0.012285173931274412,0.000741656069852983,0.29050189768354345,0.0007775426538781273,0.00017943292012572172,0.022787980855966655,8.373536272533678e-05,0.4333985922716143,0.06405442491619635,0.15541850841990498,0.01977105491491775,0.0
540,0.004850827677822402,0.0007129458546655404,0.28468906529928883,0.008135970341477342,0.001467829700781995,0.07336352637813247,0.0013559950569128904,0.39593925708717953,0.055958129223673506,0.15911502517406445,0.014411428206001125,0.0
1111,0.0008220047445125831,0.017067925285666783,0.21978594574341562,0.03391578630902311,0.1348864478397026,0.01264722260454793,0.006977331610902081,0.37830885856957946,0.049958490413973176,0.13348592695591252,0.01214405992276423,0.0
